hotel_name,entity_type,upload_file_name
Courtyard by Marriott,ROOM,Courtyard by Marriott - 방 1.png
Courtyard by Marriott,ROOM,Courtyard by Marriott - 방 2.png
Courtyard by Marriott,HOTEL,Courtyard by Marriott - 호텔 메인.png
그랜드 조선 부산,ROOM,그랜드 조선 부산 - 방 1.png
그랜드 조선 부산,ROOM,그랜드 조선 부산 - 방 2.png
그랜드 조선 부산,HOTEL,그랜드 조선 부산 - 호텔 메인.png
도미인 강남,ROOM,도미인 강남 - 방 1.png
도미인 강남,ROOM,도미인 강남 - 방 2.png
도미인 강남,HOTEL,도미인 강남 - 호텔 메인.png
라마다 앙코르 바이 원덤 부산 해운대,ROOM,라마다 앙코르 해운대 - 방 1.png
라마다 앙코르 바이 원덤 부산 해운대,ROOM,라마다 앙코르 해운대 - 방 2.png
라마다 앙코르 바이 원덤 부산 해운대,HOTEL,라마다 앙코르 해운대 - 호텔 메인.png
럭셔리 한옥 채하,ROOM,럭셔리 한옥 채하 - 방1.png
럭셔리 한옥 채하,ROOM,럭셔리 한옥 채하 - 방2.png
럭셔리 한옥 채하,HOTEL,럭셔리 한옥 채하 - 호텔 메인.png
롯데 호텔 제주,ROOM,롯데 호텔 제주 - 방 1.png
롯데 호텔 제주,ROOM,롯데 호텔 제주 - 방 2.png
롯데 호텔 제주,HOTEL,롯데 호텔 제주 - 호텔 메인.png
부산 비즈니스 호텔,ROOM,부산 비즈니스 호텔 - 방 1.png
부산 비즈니스 호텔,ROOM,부산 비즈니스 호텔 - 방 2.png
부산 비즈니스 호텔,HOTEL,부산 비즈니스 호텔 - 호텔 메인.png
북촌빈관 by 락고재,ROOM,북촌 빈관 by 락고재 - 방 1.png
북촌빈관 by 락고재,ROOM,북촌 빈관 by 락고재 - 방 2.png
북촌빈관 by 락고재,HOTEL,북촌 빈관 by 락고재 - 호텔 메인.png
서울 신라 호텔,ROOM,서울 신라 호텔 - 방 1.png
서울 신라 호텔,ROOM,서울 신라 호텔 - 방 2.png
서울 신라 호텔,HOTEL,서울 신라 호텔 - 호텔 메인.png
세종 호텔,ROOM,세종 호텔 - 방 1.png
세종 호텔,ROOM,세종 호텔 - 방 2.png
세종 호텔,HOTEL,세종 호텔 - 호텔 메인.png
센텀 비즈니스 호텔,ROOM,센텀 비즈니스 호텔 - 방 1.png
센텀 비즈니스 호텔,ROOM,센텀 비즈니스 호텔 - 방 2.png
센텀 비즈니스 호텔,HOTEL,센텀 비즈니스 호텔 - 호텔 메인.png
쉐라톤 강남,ROOM,쉐라톤 - 방 1.png
쉐라톤 강남,ROOM,쉐라톤 - 방 2.png
쉐라톤 강남,HOTEL,쉐라톤 - 호텔 메인.png
신라스테이 강남,ROOM,신라스테이 강남 - 방 .png
신라스테이 강남,ROOM,신라스테이 강남 - 방 2.png
신라스테이 강남,HOTEL,신라스테이 강남 - 호텔 메인.png
신라스테이 부산 해운대,ROOM,신라스테이 해운대 - 방 1.png
신라스테이 부산 해운대,ROOM,신라스테이 해운대 - 방 2.png
신라스테이 부산 해운대,HOTEL,신라스테이 해운대 - 호텔 메인.png
아미드 호텔,HOTEL,아미드 호텔 - 메인.png
아미드 호텔,ROOM,아미드 호텔 - 방 1.png
아미드 호텔,ROOM,아미드 호텔 - 방 2.png
연당 게스트 하우스,ROOM,연당 게스트 하우스 - 방 1.png
연당 게스트 하우스,ROOM,연당 게스트 하우스 - 방 2.png
연당 게스트 하우스,HOTEL,연당 게스트 하우스 - 호텔 메인.png
글래드 강남,ROOM,인글래드 강남 - 방 1.png
글래드 강남,ROOM,인글래드 강남 - 방 2.png
글래드 강남,HOTEL,인글래드 강남 - 호텔 메인.png
켄싱턴 리조트 서귀포점,ROOM,켄싱턴 리조트 서귀포 - 방 1.png
켄싱턴 리조트 서귀포점,ROOM,켄싱턴 리조트 서귀포 - 방 2.png
켄싱턴 리조트 서귀포점,HOTEL,켄싱턴 리조트 서귀포 - 호텔 메인.png
코리아나 호텔,ROOM,코리아나 호텔 - 방 1.png
코리아나 호텔,ROOM,코리아나 호텔 - 방 2.png
코리아나 호텔,HOTEL,코리아나 호텔 - 호텔 메인.png
파라다이스 호텔 부산,ROOM,파라다이스 호텔 부산 - 방 1.png
파라다이스 호텔 부산,ROOM,파라다이스 호텔 부산 - 방 2.png
파라다이스 호텔 부산,HOTEL,파라다이스 호텔 부산 - 호텔 메인.png
파르나스 호텔 제주,ROOM,파르나스 호텔 - 방 1.png
파르나스 호텔 제주,ROOM,파르나스 호텔 - 방 2.png
파르나스 호텔 제주,HOTEL,파르나스 호텔 - 호텔 메인.png
호텔 그레이스 리,ROOM,호텔 그레이스 리 - 방 1.png
호텔 그레이스 리,ROOM,호텔 그레이스 리 - 방 2.png
호텔 그레이스 리,HOTEL,호텔 그레이스 리 - 호텔 메인.png
호텔 시리우스,ROOM,호텔 시리우스 - 방 1.png
호텔 시리우스,ROOM,호텔 시리우스 - 방 2.png
호텔 시리우스,HOTEL,호텔 시리우스 - 호텔 메인.png
화동 1 번지,ROOM,화동 1번지 - 방 1.png
화동 1 번지,ROOM,화동 1번지 - 방 2.png
화동 1 번지,HOTEL,화동 1번지 - 호텔 메인.png